﻿<?xml version="1.0" encoding="UTF-8" standalone="no"?>
<casillas>
	<casilla>
		<id>0</id>
		<nombre>POR PASAR POR LA SALIDA COBRAS 200€</nombre>
		<se_puede_comprar>0</se_puede_comprar>
		<precio_compra>0</precio_compra>
		<color>FFFFFF</color>
		<grupo>0</grupo>
		<id_grupo>0</id_grupo>
		<tipo>0</tipo> 
		<pago>0</pago>
		<pago_1_casa>0</pago_1_casa>
		<pago_2_casas>0</pago_2_casas>
		<pago_3_casas>0</pago_3_casas>
		<pago_4_casas>0</pago_4_casas>
		<pago_hotel>0</pago_hotel>
		<precio_compra_casa>0</precio_compra_casa>
		<precio_compra_hotel>0</precio_compra_hotel>
	</casilla>
	<casilla>
		<id>1</id>
		<nombre>CALLE DE PLENTZIA</nombre>
		<se_puede_comprar>1</se_puede_comprar>
		<precio_compra>60</precio_compra>
		<color>803399</color>
		<grupo>1</grupo>
		<id_grupo>2</id_grupo>
		<tipo>1</tipo>
		<pago>2</pago>
		<pago_1_casa>10</pago_1_casa>
		<pago_2_casas>30</pago_2_casas>
		<pago_3_casas>90</pago_3_casas>
		<pago_4_casas>160</pago_4_casas>
		<pago_hotel>250</pago_hotel>
		<precio_compra_casa>50</precio_compra_casa>
		<precio_compra_hotel>50</precio_compra_hotel>		
	</casilla>
	<casilla>
		<id>2</id>
		<nombre>CAJA DE COMUNIDAD</nombre>
		<se_puede_comprar>0</se_puede_comprar>
		<precio_compra>0</precio_compra>
		<color>FFFFFF</color>
		<grupo>0</grupo>
		<id_grupo>0</id_grupo>
		<tipo>4</tipo>
		<pago>0</pago>
		<pago_1_casa>0</pago_1_casa>
		<pago_2_casas>0</pago_2_casas>
		<pago_3_casas>0</pago_3_casas>
		<pago_4_casas>0</pago_4_casas>
		<pago_hotel>0</pago_hotel>
		<precio_compra_casa>0</precio_compra_casa>
		<precio_compra_hotel>0</precio_compra_hotel>		
	</casilla>
	<casilla>
		<id>3</id>
		<nombre>CALLE DE BARRIKA</nombre>
		<se_puede_comprar>1</se_puede_comprar>
		<precio_compra>60</precio_compra>
		<color>803399</color>
		<grupo>1</grupo>
		<id_grupo>2</id_grupo>
		<tipo>1</tipo>
		<pago>4</pago>
		<pago_1_casa>20</pago_1_casa>
		<pago_2_casas>60</pago_2_casas>
		<pago_3_casas>180</pago_3_casas>
		<pago_4_casas>320</pago_4_casas>
		<pago_hotel>450</pago_hotel>
		<precio_compra_casa>50</precio_compra_casa>
		<precio_compra_hotel>50</precio_compra_hotel>		
	</casilla>
	<casilla>
		<id>4</id>
		<nombre>IMPUESTO SOBRE CAPITAL</nombre>
		<se_puede_comprar>0</se_puede_comprar>
		<precio_compra>200</precio_compra>
		<color>FFFFFF</color>
		<grupo>0</grupo>
		<id_grupo>0</id_grupo>
		<tipo>7</tipo>
		<pago>0</pago>
		<pago_1_casa>0</pago_1_casa>
		<pago_2_casas>0</pago_2_casas>
		<pago_3_casas>0</pago_3_casas>
		<pago_4_casas>0</pago_4_casas>
		<pago_hotel>0</pago_hotel>
		<precio_compra_casa>0</precio_compra_casa>
		<precio_compra_hotel>0</precio_compra_hotel>		
	</casilla>
	<casilla>
		<id>5</id>
		<nombre>ESTACIÓN FERROCARIL BILBAO</nombre>
		<se_puede_comprar>1</se_puede_comprar>
		<precio_compra>200</precio_compra>
		<color>FFFFFF</color>
		<grupo>100</grupo>
		<id_grupo>4</id_grupo>
		<tipo>2</tipo>
		<pago>25</pago>
		<pago_1_casa>0</pago_1_casa>
		<pago_2_casas>50</pago_2_casas>
		<pago_3_casas>100</pago_3_casas>
		<pago_4_casas>200</pago_4_casas>
		<pago_hotel>0</pago_hotel>
		<precio_compra_casa>0</precio_compra_casa>
		<precio_compra_hotel>0</precio_compra_hotel>		
	</casilla>
	<casilla>
		<id>6</id>
		<nombre>CALLE DE PORTUGALETE</nombre>
		<se_puede_comprar>1</se_puede_comprar>
		<precio_compra>100</precio_compra>
		<color>80CCFF</color>
		<grupo>2</grupo>
		<id_grupo>3</id_grupo>
		<tipo>1</tipo> 
		<pago>6</pago>
		<pago_1_casa>30</pago_1_casa>
		<pago_2_casas>90</pago_2_casas>
		<pago_3_casas>270</pago_3_casas>
		<pago_4_casas>400</pago_4_casas>
		<pago_hotel>550</pago_hotel>
		<precio_compra_casa>50</precio_compra_casa>
		<precio_compra_hotel>50</precio_compra_hotel>		
	</casilla>
	<casilla>
		<id>7</id>
		<nombre>Suerte</nombre>
		<se_puede_comprar>0</se_puede_comprar>
		<precio_compra>0</precio_compra>
		<color>FFFFFF</color>
		<grupo>0</grupo>
		<id_grupo>0</id_grupo>
		<tipo>4</tipo>
		<pago>0</pago>
		<pago_1_casa>0</pago_1_casa>
		<pago_2_casas>0</pago_2_casas>
		<pago_3_casas>0</pago_3_casas>
		<pago_4_casas>0</pago_4_casas>
		<pago_hotel>0</pago_hotel>
		<precio_compra_casa>0</precio_compra_casa>
		<precio_compra_hotel>0</precio_compra_hotel>		
	</casilla>
	<casilla>
		<id>8</id>
		<nombre>CALLE DE SANTURTZI</nombre>
		<se_puede_comprar>1</se_puede_comprar>
		<precio_compra>100</precio_compra>
		<color>80CCFF</color>
		<grupo>2</grupo>
		<id_grupo>3</id_grupo>
		<tipo>1</tipo> 
		<pago>6</pago>
		<pago_1_casa>30</pago_1_casa>
		<pago_2_casas>90</pago_2_casas>
		<pago_3_casas>270</pago_3_casas>
		<pago_4_casas>400</pago_4_casas>
		<pago_hotel>550</pago_hotel>
		<precio_compra_casa>50</precio_compra_casa>
		<precio_compra_hotel>50</precio_compra_hotel>		
	</casilla>
	<casilla>
		<id>9</id>
		<nombre>CALLE LARRASKITU</nombre>
		<se_puede_comprar>1</se_puede_comprar>
		<precio_compra>120</precio_compra>
		<color>80CCFF</color>
		<grupo>2</grupo>
		<id_grupo>3</id_grupo>
		<tipo>1</tipo>
		<pago>8</pago>
		<pago_1_casa>40</pago_1_casa>
		<pago_2_casas>100</pago_2_casas>
		<pago_3_casas>300</pago_3_casas>
		<pago_4_casas>450</pago_4_casas>
		<pago_hotel>600</pago_hotel>
		<precio_compra_casa>50</precio_compra_casa>
		<precio_compra_hotel>50</precio_compra_hotel>		
	</casilla>
	<casilla>
		<id>10</id>
		<nombre>CÁRCEL</nombre>
		<se_puede_comprar>0</se_puede_comprar>
		<precio_compra>0</precio_compra>
		<color>FFFFFF</color>
		<grupo>0</grupo>
		<id_grupo>0</id_grupo>
		<tipo>6</tipo> 
		<pago>0</pago>
		<pago_1_casa>0</pago_1_casa>
		<pago_2_casas>0</pago_2_casas>
		<pago_3_casas>0</pago_3_casas>
		<pago_4_casas>0</pago_4_casas>
		<pago_hotel>0</pago_hotel>
		<precio_compra_casa>0</precio_compra_casa>
		<precio_compra_hotel>0</precio_compra_hotel>		
	</casilla>
	<casilla>
		<id>11</id>
		<nombre>CALLE DE AMETZOLA</nombre>
		<se_puede_comprar>1</se_puede_comprar>
		<precio_compra>140</precio_compra>
		<color>CC44CC</color>
		<grupo>3</grupo>
		<id_grupo>3</id_grupo>
		<tipo>1</tipo>
		<pago>10</pago>
		<pago_1_casa>50</pago_1_casa>
		<pago_2_casas>150</pago_2_casas>
		<pago_3_casas>450</pago_3_casas>
		<pago_4_casas>625</pago_4_casas>
		<pago_hotel>750</pago_hotel>
		<precio_compra_casa>100</precio_compra_casa>
		<precio_compra_hotel>100</precio_compra_hotel>		
	</casilla>
	<casilla>
		<id>12</id>
		<nombre>COMPAÑÍA ELECTRICA IBERDROLA</nombre>
		<se_puede_comprar>1</se_puede_comprar>
		<precio_compra>150</precio_compra>
		<color>FFFFFF</color>
		<grupo>200</grupo>
		<id_grupo>2</id_grupo>
		<tipo>3</tipo> 
		<pago>0</pago>
		<pago_1_casa>0</pago_1_casa>
		<pago_2_casas>0</pago_2_casas>
		<pago_3_casas>0</pago_3_casas>
		<pago_4_casas>0</pago_4_casas>
		<pago_hotel>0</pago_hotel>
		<precio_compra_casa>0</precio_compra_casa>
		<precio_compra_hotel>0</precio_compra_hotel>		
	</casilla>
	<casilla>
		<id>13</id>
		<nombre>CALLE DE TXURDINAGA</nombre>
		<se_puede_comprar>1</se_puede_comprar>
		<precio_compra>140</precio_compra>
		<color>CC44CC</color>
		<grupo>3</grupo>
		<id_grupo>3</id_grupo>
		<tipo>1</tipo> 
		<pago>10</pago>
		<pago_1_casa>50</pago_1_casa>
		<pago_2_casas>150</pago_2_casas>
		<pago_3_casas>450</pago_3_casas>
		<pago_4_casas>625</pago_4_casas>
		<pago_hotel>750</pago_hotel>
		<precio_compra_casa>100</precio_compra_casa>
		<precio_compra_hotel>100</precio_compra_hotel>		
	</casilla>
	<casilla>
		<id>14</id>
		<nombre>AVENIDA DE BASAURI</nombre>
		<se_puede_comprar>1</se_puede_comprar>
		<precio_compra>160</precio_compra>
		<color>CC44CC</color>
		<grupo>3</grupo>
		<id_grupo>3</id_grupo>
		<tipo>1</tipo> 
		<pago>12</pago>
		<pago_1_casa>60</pago_1_casa>
		<pago_2_casas>80</pago_2_casas>
		<pago_3_casas>500</pago_3_casas>
		<pago_4_casas>700</pago_4_casas>
		<pago_hotel>900</pago_hotel>
		<precio_compra_casa>100</precio_compra_casa>
		<precio_compra_hotel>100</precio_compra_hotel>		
	</casilla>
	<casilla>
		<id>15</id>
		<nombre>AEROPUERTO DE LOIU</nombre>
		<se_puede_comprar>1</se_puede_comprar>
		<precio_compra>200</precio_compra>
		<color>FFFFFF</color>
		<grupo>100</grupo>
		<id_grupo>4</id_grupo>
		<tipo>2</tipo>
		<pago>25</pago>
		<pago_1_casa>0</pago_1_casa>
		<pago_2_casas>50</pago_2_casas>
		<pago_3_casas>100</pago_3_casas>
		<pago_4_casas>200</pago_4_casas>
		<pago_hotel>0</pago_hotel>
		<precio_compra_casa>0</precio_compra_casa>
		<precio_compra_hotel>0</precio_compra_hotel>		
	</casilla>
	<casilla>
		<id>16</id>
		<nombre>PASEO DE GORLIZ</nombre>
		<se_puede_comprar>1</se_puede_comprar>
		<precio_compra>180</precio_compra>
		<color>FF8000</color>
		<grupo>4</grupo>
		<id_grupo>3</id_grupo>
		<tipo>1</tipo>
		<pago>14</pago>
		<pago_1_casa>70</pago_1_casa>
		<pago_2_casas>200</pago_2_casas>
		<pago_3_casas>550</pago_3_casas>
		<pago_4_casas>750</pago_4_casas>
		<pago_hotel>950</pago_hotel>
		<precio_compra_casa>100</precio_compra_casa>
		<precio_compra_hotel>100</precio_compra_hotel>		
	</casilla>
	<casilla>
		<id>17</id>
		<nombre>CAJA DE COMUNIDAD</nombre>
		<se_puede_comprar>0</se_puede_comprar>
		<precio_compra>0</precio_compra>
		<color>FFFFFF</color>
		<grupo>0</grupo>
		<id_grupo>0</id_grupo>
		<tipo>4</tipo>
		<pago>0</pago>
		<pago_1_casa>0</pago_1_casa>
		<pago_2_casas>0</pago_2_casas>
		<pago_3_casas>0</pago_3_casas>
		<pago_4_casas>0</pago_4_casas>
		<pago_hotel>0</pago_hotel>
		<precio_compra_casa>0</precio_compra_casa>
		<precio_compra_hotel>0</precio_compra_hotel>		
	</casilla>
	<casilla>
		<id>18</id>
		<nombre>CALLE DE ATXABIRIBIL</nombre>
		<se_puede_comprar>0</se_puede_comprar>
		<precio_compra>180</precio_compra>
		<color>FF8000</color>
		<grupo>4</grupo>
		<id_grupo>3</id_grupo>
		<tipo>1</tipo>
		<pago>14</pago>
		<pago_1_casa>70</pago_1_casa>
		<pago_2_casas>200</pago_2_casas>
		<pago_3_casas>550</pago_3_casas>
		<pago_4_casas>750</pago_4_casas>
		<pago_hotel>950</pago_hotel>
		<precio_compra_casa>100</precio_compra_casa>
		<precio_compra_hotel>100</precio_compra_hotel>		
	</casilla>
	<casilla>
		<id>19</id>
		<nombre>CALLE DE LA ARENA</nombre>
		<se_puede_comprar>0</se_puede_comprar>
		<precio_compra>200</precio_compra>
		<color>FF8000</color>
		<grupo>4</grupo>
		<id_grupo>3</id_grupo>
		<tipo>1</tipo>
		<pago>16</pago>
		<pago_1_casa>80</pago_1_casa>
		<pago_2_casas>220</pago_2_casas>
		<pago_3_casas>600</pago_3_casas>
		<pago_4_casas>800</pago_4_casas>
		<pago_hotel>1000</pago_hotel>
		<precio_compra_casa>100</precio_compra_casa>
		<precio_compra_hotel>100</precio_compra_hotel>		
	</casilla>
	<casilla>
		<id>20</id>
		<nombre>PARKING GRATIS</nombre>
		<se_puede_comprar>0</se_puede_comprar>
		<precio_compra>0</precio_compra>
		<color>FFFFFF</color>
		<grupo>0</grupo>
		<id_grupo>0</id_grupo>
		<tipo>8</tipo>
		<pago>0</pago>
		<pago_1_casa>0</pago_1_casa>
		<pago_2_casas>0</pago_2_casas>
		<pago_3_casas>0</pago_3_casas>
		<pago_4_casas>0</pago_4_casas>
		<pago_hotel>0</pago_hotel>
		<precio_compra_casa>0</precio_compra_casa>
		<precio_compra_hotel>0</precio_compra_hotel>		
	</casilla>
	<casilla>
		<id>21</id>
		<nombre>PLAYA DE MUSKIZ</nombre>
		<se_puede_comprar>1</se_puede_comprar>
		<precio_compra>220</precio_compra>
		<color>FF0000</color>
		<grupo>5</grupo>
		<id_grupo>3</id_grupo>
		<tipo>1</tipo>
		<pago>18</pago>
		<pago_1_casa>90</pago_1_casa>
		<pago_2_casas>250</pago_2_casas>
		<pago_3_casas>700</pago_3_casas>
		<pago_4_casas>875</pago_4_casas>
		<pago_hotel>1050</pago_hotel>
		<precio_compra_casa>150</precio_compra_casa>
		<precio_compra_hotel>150</precio_compra_hotel>		
	</casilla>
	<casilla>
		<id>22</id>
		<nombre>SUERTE</nombre>
		<se_puede_comprar>0</se_puede_comprar>
		<precio_compra>0</precio_compra>
		<color>FFFFFF</color>
		<grupo>0</grupo>
		<id_grupo>0</id_grupo>
		<tipo>4</tipo>
		<pago>0</pago>
		<pago_1_casa>0</pago_1_casa>
		<pago_2_casas>0</pago_2_casas>
		<pago_3_casas>0</pago_3_casas>
		<pago_4_casas>0</pago_4_casas>
		<pago_hotel>0</pago_hotel>
		<precio_compra_casa>0</precio_compra_casa>
		<precio_compra_hotel>0</precio_compra_hotel>		
	</casilla>
	<casilla>
		<id>23</id>
		<nombre>CALLE DE GATIKA</nombre>
		<se_puede_comprar>1</se_puede_comprar>
		<precio_compra>220</precio_compra>
		<color>FF0000</color>
		<grupo>5</grupo>
		<id_grupo>3</id_grupo>
		<tipo>1</tipo>
		<pago>18</pago>
		<pago_1_casa>90</pago_1_casa>
		<pago_2_casas>250</pago_2_casas>
		<pago_3_casas>700</pago_3_casas>
		<pago_4_casas>875</pago_4_casas>
		<pago_hotel>1050</pago_hotel>
		<precio_compra_casa>150</precio_compra_casa>
		<precio_compra_hotel>150</precio_compra_hotel>		
	</casilla>
	<casilla>
		<id>24</id>
		<nombre>BASILICA DE BEGOÑA</nombre>
		<se_puede_comprar>1</se_puede_comprar>
		<precio_compra>240</precio_compra>
		<color>FF0000</color>
		<grupo>5</grupo>
		<id_grupo>3</id_grupo>
		<tipo>1</tipo>
		<pago>20</pago>
		<pago_1_casa>100</pago_1_casa>
		<pago_2_casas>300</pago_2_casas>
		<pago_3_casas>750</pago_3_casas>
		<pago_4_casas>925</pago_4_casas>
		<pago_hotel>1100</pago_hotel>
		<precio_compra_casa>150</precio_compra_casa>
		<precio_compra_hotel>150</precio_compra_hotel>		
	</casilla>
	<casilla>
		<id>25</id>
		<nombre>ESTACIÓN DE VITORIA</nombre>
		<se_puede_comprar>1</se_puede_comprar>
		<precio_compra>200</precio_compra>
		<color>FFFFFF</color>
		<grupo>100</grupo>
		<id_grupo>4</id_grupo>
		<tipo>2</tipo>
		<pago>25</pago>
		<pago_1_casa>0</pago_1_casa>
		<pago_2_casas>50</pago_2_casas>
		<pago_3_casas>100</pago_3_casas>
		<pago_4_casas>200</pago_4_casas>
		<pago_hotel>0</pago_hotel>
		<precio_compra_casa>0</precio_compra_casa>
		<precio_compra_hotel>0</precio_compra_hotel>		
	</casilla>
	<casilla>
		<id>26</id>
		<nombre>EL ARENAL</nombre>
		<se_puede_comprar>1</se_puede_comprar>
		<precio_compra>260</precio_compra>
		<color>FFFF00</color>
		<grupo>6</grupo>
		<id_grupo>3</id_grupo>
		<tipo>1</tipo>
		<pago>22</pago>
		<pago_1_casa>110</pago_1_casa>
		<pago_2_casas>330</pago_2_casas>
		<pago_3_casas>800</pago_3_casas>
		<pago_4_casas>975</pago_4_casas>
		<pago_hotel>1150</pago_hotel>
		<precio_compra_casa>150</precio_compra_casa>
		<precio_compra_hotel>150</precio_compra_hotel>		
	</casilla>
	<casilla>
		<id>27</id>
		<nombre>VIA GERNIKA</nombre>
		<se_puede_comprar>1</se_puede_comprar>
		<precio_compra>260</precio_compra>
		<color>FFFF00</color>
		<grupo>6</grupo>
		<id_grupo>3</id_grupo>
		<tipo>1</tipo>
		<pago>22</pago>
		<pago_1_casa>110</pago_1_casa>
		<pago_2_casas>330</pago_2_casas>
		<pago_3_casas>800</pago_3_casas>
		<pago_4_casas>975</pago_4_casas>
		<pago_hotel>1150</pago_hotel>
		<precio_compra_casa>150</precio_compra_casa>
		<precio_compra_hotel>150</precio_compra_hotel>		
	</casilla>
	<casilla>
		<id>28</id>
		<nombre>COMPAÑÍA AGUAS IBERDUERO</nombre>
		<se_puede_comprar>1</se_puede_comprar>
		<precio_compra>150</precio_compra>
		<color>FFFFFF</color>
		<grupo>200</grupo>
		<id_grupo>2</id_grupo>
		<tipo>3</tipo>
		<pago>0</pago>
		<pago_1_casa>0</pago_1_casa>
		<pago_2_casas>0</pago_2_casas>
		<pago_3_casas>0</pago_3_casas>
		<pago_4_casas>0</pago_4_casas>
		<pago_hotel>0</pago_hotel>
		<precio_compra_casa>0</precio_compra_casa>
		<precio_compra_hotel>0</precio_compra_hotel>		
	</casilla>
	<casilla>
		<id>29</id>
		<nombre>PUENTE COLGANTE</nombre>
		<se_puede_comprar>1</se_puede_comprar>
		<precio_compra>280</precio_compra>
		<color>FFFF00</color>
		<grupo>6</grupo>
		<id_grupo>3</id_grupo>
		<tipo>1</tipo>
		<pago>24</pago>
		<pago_1_casa>120</pago_1_casa>
		<pago_2_casas>360</pago_2_casas>
		<pago_3_casas>850</pago_3_casas>
		<pago_4_casas>1025</pago_4_casas>
		<pago_hotel>1200</pago_hotel>
		<precio_compra_casa>150</precio_compra_casa>
		<precio_compra_hotel>150</precio_compra_hotel>		
	</casilla>
	<casilla>
		<id>30</id>
		<nombre>VAYA A LA CÁRCEL</nombre>
		<se_puede_comprar>0</se_puede_comprar>
		<precio_compra>0</precio_compra>
		<color>FFFFFF</color>
		<grupo>0</grupo>
		<id_grupo>0</id_grupo>
		<tipo>5</tipo>
		<pago>0</pago>
		<pago_1_casa>0</pago_1_casa>
		<pago_2_casas>0</pago_2_casas>
		<pago_3_casas>0</pago_3_casas>
		<pago_4_casas>0</pago_4_casas>
		<pago_hotel>0</pago_hotel>
		<precio_compra_casa>0</precio_compra_casa>
		<precio_compra_hotel>0</precio_compra_hotel>		
	</casilla>
	<casilla>
		<id>31</id>
		<nombre>SAN JUAN DE GAZTELUGATXE</nombre>
		<se_puede_comprar>1</se_puede_comprar>
		<precio_compra>300</precio_compra>
		<color>338033</color>
		<grupo>7</grupo>
		<id_grupo>3</id_grupo>
		<tipo>1</tipo>
		<pago>26</pago>
		<pago_1_casa>130</pago_1_casa>
		<pago_2_casas>390</pago_2_casas>
		<pago_3_casas>900</pago_3_casas>
		<pago_4_casas>1100</pago_4_casas>
		<pago_hotel>1275</pago_hotel>
		<precio_compra_casa>200</precio_compra_casa>
		<precio_compra_hotel>200</precio_compra_hotel>		
	</casilla>
	<casilla>
		<id>32</id>
		<nombre>CUEVA ZUGARRAMURDI</nombre>
		<se_puede_comprar>1</se_puede_comprar>
		<precio_compra>300</precio_compra>
		<color>338033</color>
		<grupo>7</grupo>
		<id_grupo>3</id_grupo>
		<tipo>1</tipo>
		<pago>26</pago>
		<pago_1_casa>130</pago_1_casa>
		<pago_2_casas>390</pago_2_casas>
		<pago_3_casas>900</pago_3_casas>
		<pago_4_casas>1100</pago_4_casas>
		<pago_hotel>1275</pago_hotel>
		<precio_compra_casa>200</precio_compra_casa>
		<precio_compra_hotel>200</precio_compra_hotel>		
	</casilla>
	<casilla>
		<id>33</id>
		<nombre>CAJA DE COMUNIDAD</nombre>
		<se_puede_comprar>0</se_puede_comprar>
		<precio_compra>0</precio_compra>
		<color>FFFFFF</color>
		<grupo>0</grupo>
		<id_grupo>0</id_grupo>
		<tipo>4</tipo>
		<pago>0</pago>
		<pago_1_casa>0</pago_1_casa>
		<pago_2_casas>0</pago_2_casas>
		<pago_3_casas>0</pago_3_casas>
		<pago_4_casas>0</pago_4_casas>
		<pago_hotel>0</pago_hotel>
		<precio_compra_casa>0</precio_compra_casa>
		<precio_compra_hotel>0</precio_compra_hotel>		
	</casilla>
	<casilla>
		<id>34</id>
		<nombre>BOSQUE DE OMA</nombre>
		<se_puede_comprar>1</se_puede_comprar>
		<precio_compra>320</precio_compra>
		<color>338033</color>
		<grupo>7</grupo>
		<id_grupo>3</id_grupo>
		<tipo>1</tipo>
		<pago>28</pago>
		<pago_1_casa>150</pago_1_casa>
		<pago_2_casas>450</pago_2_casas>
		<pago_3_casas>1000</pago_3_casas>
		<pago_4_casas>1200</pago_4_casas>
		<pago_hotel>1400</pago_hotel>
		<precio_compra_casa>200</precio_compra_casa>
		<precio_compra_hotel>200</precio_compra_hotel>		
	</casilla>	
	<casilla>
		<id>35</id>
		<nombre>ESTACIÓN DE GIPUZKOA</nombre>
		<se_puede_comprar>1</se_puede_comprar>
		<precio_compra>200</precio_compra>
		<color>FFFFFF</color>
		<grupo>100</grupo>
		<id_grupo>4</id_grupo>
		<tipo>2</tipo>
		<pago>25</pago>
		<pago_1_casa>0</pago_1_casa>
		<pago_2_casas>50</pago_2_casas>
		<pago_3_casas>100</pago_3_casas>
		<pago_4_casas>200</pago_4_casas>
		<pago_hotel>0</pago_hotel>
		<precio_compra_casa>0</precio_compra_casa>
		<precio_compra_hotel>0</precio_compra_hotel>		
	</casilla>
	<casilla>
		<id>36</id>
		<nombre>SUERTE</nombre>
		<se_puede_comprar>0</se_puede_comprar>
		<precio_compra>0</precio_compra>
		<color>FFFFFF</color>
		<grupo>0</grupo>
		<id_grupo>0</id_grupo>
		<tipo>4</tipo>
		<pago>0</pago>
		<pago_1_casa>0</pago_1_casa>
		<pago_2_casas>0</pago_2_casas>
		<pago_3_casas>0</pago_3_casas>
		<pago_4_casas>0</pago_4_casas>
		<pago_hotel>0</pago_hotel>
		<precio_compra_casa>0</precio_compra_casa>
		<precio_compra_hotel>0</precio_compra_hotel>		
	</casilla>
	<casilla>
		<id>37</id>
		<nombre>CALLE DE BALMASEDA</nombre>
		<se_puede_comprar>1</se_puede_comprar>
		<precio_compra>350</precio_compra>
		<color>2020CC</color>
		<grupo>8</grupo>
		<id_grupo>2</id_grupo>
		<tipo>1</tipo>
		<pago>35</pago>
		<pago_1_casa>175</pago_1_casa>
		<pago_2_casas>500</pago_2_casas>
		<pago_3_casas>1100</pago_3_casas>
		<pago_4_casas>1300</pago_4_casas>
		<pago_hotel>1500</pago_hotel>
		<precio_compra_casa>200</precio_compra_casa>
		<precio_compra_hotel>200</precio_compra_hotel>		
	</casilla>
	<casilla>
		<id>38</id>
		<nombre>TASA DE BILBAINO</nombre>
		<se_puede_comprar>0</se_puede_comprar>
		<precio_compra>100</precio_compra>
		<color>FFFFFF</color>
		<grupo>0</grupo>
		<id_grupo>0</id_grupo>
		<tipo>7</tipo>
		<pago>0</pago>
		<pago_1_casa>0</pago_1_casa>
		<pago_2_casas>0</pago_2_casas>
		<pago_3_casas>0</pago_3_casas>
		<pago_4_casas>0</pago_4_casas>
		<pago_hotel>0</pago_hotel>
		<precio_compra_casa>0</precio_compra_casa>
		<precio_compra_hotel>0</precio_compra_hotel>		
	</casilla>
	<casilla>
		<id>39</id>
		<nombre>ZALLA BIDEA</nombre>
		<se_puede_comprar>1</se_puede_comprar>
		<precio_compra>400</precio_compra>
		<color>2020CC</color>
		<grupo>8</grupo>
		<id_grupo>2</id_grupo>
		<tipo>1</tipo>
		<pago>50</pago>
		<pago_1_casa>200</pago_1_casa>
		<pago_2_casas>600</pago_2_casas>
		<pago_3_casas>1400</pago_3_casas>
		<pago_4_casas>1700</pago_4_casas>
		<pago_hotel>2000</pago_hotel>
		<precio_compra_casa>200</precio_compra_casa>
		<precio_compra_hotel>200</precio_compra_hotel>		
	</casilla>	
	
</casillas>